{
  "total_games": 5,
  "p1_wins": 1,
  "p2_wins": 4,
  "features": {
    "promotion_rate": {
      "p1_avg": 0.08139534883720931,
      "p2_avg": 0.0956741922643925,
      "difference": 0.014278843427183191
    },
    "drop_rate": {
      "p1_avg": 0.11627906976744186,
      "p2_avg": 0.20294930803710667,
      "difference": 0.08667023826966481
    },
    "game_length": {
      "p1_avg": 86.0,
      "p2_avg": 86.75,
      "difference": 0.75
    },
    "early_aggression": {
      "p1_avg": 0.8,
      "p2_avg": 0.8,
      "difference": 0.0
    }
  },
  "recommendations": []
}