{
  "total_games": 5,
  "p1_wins": 3,
  "p2_wins": 2,
  "features": {
    "promotion_rate": {
      "p1_avg": 0.10651927437641724,
      "p2_avg": 0.08848968729208251,
      "difference": 0.018029587084334733
    },
    "drop_rate": {
      "p1_avg": 0.2643290649593171,
      "p2_avg": 0.23365174413078604,
      "difference": 0.03067732082853103
    },
    "game_length": {
      "p1_avg": 113.0,
      "p2_avg": 146.5,
      "difference": 33.5
    },
    "early_aggression": {
      "p1_avg": 0.6666666666666666,
      "p2_avg": 0.75,
      "difference": 0.08333333333333337
    }
  },
  "recommendations": []
}