{
  "ShogiOnly (Strong vs Strong)": {
    "total_games": 247,
    "p1_wins": 131,
    "p2_wins": 110,
    "draws": 6,
    "p1_win_rate": 53.036437246963565,
    "p2_win_rate": 44.534412955465584,
    "draw_rate": 2.42914979757085,
    "avg_moves": 125.87044534412954,
    "avg_time_s": 3547.0473886639675,
    "source_files": [
      "selfplay_results_20260111_233302.json",
      "selfplay_results_20260113_000424.json",
      "selfplay_results_20260111_183928.json",
      "selfplay_results_20260113_172416.json",
      "selfplay_results_20260111_131118.json"
    ],
    "board_setup": "ShogiOnly",
    "ai1_strength": "Strong",
    "ai2_strength": "Strong"
  }
}