{
  "ShogiOnly (Light vs Light)": {
    "total_games": 35,
    "p1_wins": 7,
    "p2_wins": 23,
    "draws": 5,
    "p1_win_rate": 20.0,
    "p2_win_rate": 65.71428571428571,
    "draw_rate": 14.285714285714285,
    "avg_moves": 177.57142857142858,
    "avg_time_s": 910.8809428571429,
    "source_files": [
      "selfplay_results_20260105_221727.json",
      "selfplay_results_20260105_212034.json"
    ],
    "board_setup": "ShogiOnly",
    "ai1_strength": "Light",
    "ai2_strength": "Light"
  }
}